URL,Status Code
https://www.michelvigoureux.fr/,200
https://www.michelvigoureux.fr/a-propos-de-moi,200
https://www.michelvigoureux.fr/contact,200
https://www.michelvigoureux.fr/python-seo/,200
https://www.michelvigoureux.fr/python-seo/analyse-logs-secrets-robots-moteurs-recherche,200
https://www.michelvigoureux.fr/python-seo/comment-installer-python-3-sur-ubuntu,200
https://www.michelvigoureux.fr/python-seo/pourquoi-choisir-python-en-seo,200
https://www.michelvigoureux.fr/python-seo/verification-des-codes-de-statut-des-urls-avec-python,200
https://www.michelvigoureux.fr/seo-technique/,200
https://www.michelvigoureux.fr/seo-technique/guide-installation-search-console-validation-dns,200
https://www.michelvigoureux.fr/seo-technique/guide-seo-optimisation-brotli,200
https://www.michelvigoureux.fr/seo-technique/les-robots-des-moteurs-de-recherche,200
https://www.michelvigoureux.fr/seo-technique/optimisation-temps-reponse-serveur-seo,200
https://www.michelvigoureux.fr/seo-technique/optimisation-url-seo,200
https://www.michelvigoureux.fr/seo/,200
https://www.michelvigoureux.fr/seo/ameliorer-la-vitesse-de-chargement-largest-contentful-paint-lcp,200
https://www.michelvigoureux.fr/seo/analyse-volatilite-classement-mise-a-jour-google-aout-2023,200
https://www.michelvigoureux.fr/seo/augmentez-votre-trafic-organique,200
https://www.michelvigoureux.fr/seo/comprendre-l-importance-des-backlinks-en-seo,200
https://www.michelvigoureux.fr/seo/decouvrir-l-operateur-site-google,200
https://www.michelvigoureux.fr/seo/guide-complet-redaction-seo,200
https://www.michelvigoureux.fr/seo/optimiser-core-web-vitals-classement-google,200
